{
    "characteristics": {
        "numberOfAssets": 5,
        "return": 0.010124203105043996,
        "risk": 0.00010704227017568682,
        "sharpeRatio": 93.81530388473529,
        "capital": 100000,
        "value": 95855.29973602295
    },
    "stocks": {
        "ES.PA": {
            "companyName": "ESSO",
            "pricePerShare": 83.0999984741211,
            "return": 0.017164329623589814,
            "risk": 0.0012635899631763478,
            "sharpeRatio": 13.518886760266067,
            "capital": 14438.641267481062,
            "weight": 0.14438641267481062,
            "shares": 173
        },
        "LIN.PA": {
            "companyName": "LINEDATA SERVICES",
            "pricePerShare": 74.0,
            "return": 0.01038507253192225,
            "risk": 0.00026671071119735196,
            "sharpeRatio": 38.63014157049926,
            "capital": 42383.57650759124,
            "weight": 0.4238357650759124,
            "shares": 572
        },
        "ARTO.PA": {
            "companyName": "ARTOIS NOM.",
            "pricePerShare": 4780.0,
            "return": -0.0033320318507103672,
            "risk": 2.8828118077391935e-05,
            "sharpeRatio": -118.4271495470173,
            "capital": 8411.383705316042,
            "weight": 0.08411383705316042,
            "shares": 1
        },
        "BUR.PA": {
            "companyName": "BURELLE",
            "pricePerShare": 395.0,
            "return": 0.0003323126208562645,
            "risk": 0.0001918143110162997,
            "sharpeRatio": 1.3049736462833255,
            "capital": 29766.392134981666,
            "weight": 0.2976639213498167,
            "shares": 75
        },
        "VIRP.PA": {
            "companyName": "VIRBAC",
            "pricePerShare": 339.0,
            "return": 0.0007680301322678358,
            "risk": 0.00012876361078739855,
            "sharpeRatio": 5.32782614647658,
            "capital": 5000.006384630077,
            "weight": 0.05000006384630077,
            "shares": 14
        }
    }
}