{
    "characteristics": {
        "numberOfAssets": 5,
        "return": 0.010124203105043996,
        "risk": 0.00010704227017568682,
        "sharpeRatio": 93.81530388473529,
        "capital": 100000,
        "value": 75544.19987487793
    },
    "stocks": {
        "ES.PA": {
            "companyName": "ESSO",
            "pricePerShare": 122.19999694824219,
            "return": 0.017164329623589814,
            "risk": 0.0012635899631763478,
            "sharpeRatio": 13.518886760266067,
            "capital": 5268.899667273996,
            "weight": 0.06704436183284102,
            "shares": 43
        },
        "RMS.PA": {
            "companyName": "HERMES INTL",
            "pricePerShare": 2406.5,
            "return": 0.0020365833463264404,
            "risk": 8.839940404146647e-05,
            "sharpeRatio": 22.110820401114726,
            "capital": 55975.174399266405,
            "weight": 0.7122587414959101,
            "shares": 23
        },
        "FMONC.PA": {
            "companyName": "MONCEY (FIN.) NOM.",
            "pricePerShare": 7600.0,
            "return": 0.0011558589455855528,
            "risk": 0.00032136485216878577,
            "sharpeRatio": 3.341556919925847,
            "capital": 9485.354528075912,
            "weight": 0.12069684018525227,
            "shares": 1
        },
        "BUR.PA": {
            "companyName": "BURELLE",
            "pricePerShare": 429.0,
            "return": 0.003978495996985425,
            "risk": 0.0003549632831994382,
            "sharpeRatio": 10.97718040543409,
            "capital": 3929.416122366243,
            "weight": 0.05000004041375527,
            "shares": 9
        },
        "VIRP.PA": {
            "companyName": "VIRBAC",
            "pricePerShare": 338.5,
            "return": 0.0007479604775521855,
            "risk": 0.0002549263024852993,
            "sharpeRatio": 2.6123647150555955,
            "capital": 3929.4142094086747,
            "weight": 0.05000001607223664,
            "shares": 11
        }
    }
}