{
    "characteristics": {
        "numberOfAssets": 5,
        "return": 0.010124203105043996,
        "risk": 0.00010704227017568682,
        "sharpeRatio": 93.81530388473529,
        "capital": 100000,
        "value": 92854.59902191162
    },
    "stocks": {
        "ES.PA": {
            "companyName": "ESSO",
            "pricePerShare": 85.75,
            "return": 0.017164329623589814,
            "risk": 0.0012635899631763478,
            "sharpeRatio": 13.518886760266067,
            "capital": 27170.395761378437,
            "weight": 0.29103898827035235,
            "shares": 316
        },
        "EQS.PA": {
            "companyName": "EQUASENS",
            "pricePerShare": 50.099998474121094,
            "return": 0.0013224465024262576,
            "risk": 0.00024389434783771824,
            "sharpeRatio": 5.085999382206358,
            "capital": 6184.774537384599,
            "weight": 0.06624896228413753,
            "shares": 123
        },
        "SU.PA": {
            "companyName": "SCHNEIDER ELECTRIC SE",
            "pricePerShare": 214.6999969482422,
            "return": 0.003942324654924897,
            "risk": 0.00015714182281339768,
            "sharpeRatio": 24.5658640444113,
            "capital": 47166.5876693801,
            "weight": 0.505230622182326,
            "shares": 219
        },
        "IDL.PA": {
            "companyName": "ID LOGISTICS GROUP",
            "pricePerShare": 332.0,
            "return": 0.002608985941198342,
            "risk": 0.0002831643873808516,
            "sharpeRatio": 8.924095168081944,
            "capital": 8166.964082178132,
            "weight": 0.08748142590900718,
            "shares": 24
        },
        "SOP.PA": {
            "companyName": "SOPRA STERIA GROUP",
            "pricePerShare": 230.39999389648438,
            "return": 0.0029615444946557564,
            "risk": 0.0006035441406901639,
            "sharpeRatio": 4.771058652583296,
            "capital": 4667.8276094077355,
            "weight": 0.050000001354176926,
            "shares": 20
        }
    }
}