{
    "sell": {
        "VIRP.PA": 22
    },
    "suggestedPortfolio": {
        "characteristics": {
            "numberOfAssets": 5,
            "return": 0.010124203105043996,
            "risk": 0.00010704227017568682,
            "sharpeRatio": 93.81530388473529,
            "capital": 100000,
            "value": 99334.42026519775
        },
        "stocks": {
            "ES.PA": {
                "companyName": "ESSO",
                "pricePerShare": 83.0999984741211,
                "return": 0.017164329623589814,
                "risk": 0.0012635899631763478,
                "sharpeRatio": 13.518886760266067,
                "capital": 11245.100386159178,
                "weight": 0.11245100386159178,
                "shares": 135
            },
            "LIN.PA": {
                "companyName": "LINEDATA SERVICES",
                "pricePerShare": 74.0,
                "return": 0.01038507253192225,
                "risk": 0.00026671071119735196,
                "sharpeRatio": 38.63014157049926,
                "capital": 13811.804109095177,
                "weight": 0.13811804109095177,
                "shares": 186
            },
            "ARTO.PA": {
                "companyName": "ARTOIS NOM.",
                "pricePerShare": 4780.0,
                "return": -0.0033320318507103672,
                "risk": 2.8828118077391935e-05,
                "sharpeRatio": -118.4271495470173,
                "capital": 19332.768781619325,
                "weight": 0.19332768781619325,
                "shares": 4
            },
            "SAF.PA": {
                "companyName": "SAFRAN",
                "pricePerShare": 195.44000244140625,
                "return": 0.0052303385435133335,
                "risk": 0.00015098910741723892,
                "sharpeRatio": 34.09741690363507,
                "capital": 37769.640463431,
                "weight": 0.37769640463431003,
                "shares": 193
            },
            "BUR.PA": {
                "companyName": "BURELLE",
                "pricePerShare": 398.0,
                "return": 0.000694277566370363,
                "risk": 0.0001962522004047243,
                "sharpeRatio": 3.119850707954783,
                "capital": 17840.68625969532,
                "weight": 0.1784068625969532,
                "shares": 44
            }
        }
    }
}