{
    "sell": {
        "FMONC.PA": 1,
        "VIRP.PA": 11
    },
    "suggestedPortfolio": {
        "characteristics": {
            "numberOfAssets": 5,
            "return": 0.010124203105043996,
            "risk": 0.00010704227017568682,
            "sharpeRatio": 93.81530388473529,
            "capital": 100000,
            "value": 73840.70011901855
        },
        "stocks": {
            "ES.PA": {
                "companyName": "ESSO",
                "pricePerShare": 121.9000015258789,
                "return": 0.017164329623589814,
                "risk": 0.0012635899631763478,
                "sharpeRatio": 13.518886760266067,
                "capital": 5478.233619576892,
                "weight": 0.07251693218871019,
                "shares": 44
            },
            "RMS.PA": {
                "companyName": "HERMES INTL",
                "pricePerShare": 2405.0,
                "return": 0.0020365833463264404,
                "risk": 8.839940404146647e-05,
                "sharpeRatio": 22.110820401114726,
                "capital": 58734.28153354098,
                "weight": 0.77748234319539,
                "shares": 24
            },
            "BUR.PA": {
                "companyName": "BURELLE",
                "pricePerShare": 429.0,
                "return": 0.003978495996985425,
                "risk": 0.0003549632831994382,
                "sharpeRatio": 10.97718040543409,
                "capital": 3777.2203173537623,
                "weight": 0.050000136656551834,
                "shares": 8
            },
            "BLEE.PA": {
                "companyName": "BLEECKER",
                "pricePerShare": 150.0,
                "return": 0.00021885596343800828,
                "risk": 0.0025747557141372677,
                "sharpeRatio": 0.05315298949976894,
                "capital": 3777.212844888736,
                "weight": 0.0500000377414129,
                "shares": 25
            },
            "SU.PA": {
                "companyName": "SCHNEIDER ELECTRIC SE",
                "pricePerShare": 210.3000030517578,
                "return": 0.0007290422257383458,
                "risk": 0.0001410016078890899,
                "sharpeRatio": 4.588899626217746,
                "capital": 3777.2515595171394,
                "weight": 0.050000550217929526,
                "shares": 17
            }
        }
    }
}