{
    "characteristics": {
        "numberOfAssets": 5,
        "return": 0.01698286779908889,
        "risk": 0.00025833409556409953,
        "sharpeRatio": 65.42252102721508,
        "capital": 100000
    },
    "stocks": {
        "GBT.PA": {
            "companyName": "GUERBET",
            "pricePerShare": 29.100000381469727,
            "return": 0.018742412530381832,
            "risk": 0.001465064599594947,
            "sharpeRatio": 12.736921317695455,
            "capital": 10000.001274069693,
            "weight": 0.10000001274069693,
            "shares": 343
        },
        "ES.PA": {
            "companyName": "ESSO",
            "pricePerShare": 78.6500015258789,
            "return": 0.01830447269245893,
            "risk": 0.0011123111540729841,
            "sharpeRatio": 16.382531655583186,
            "capital": 32300.719491012707,
            "weight": 0.3230071949101271,
            "shares": 410
        },
        "BLV.PA": {
            "companyName": "BELIEVE",
            "pricePerShare": 14.739999771118164,
            "return": 0.017203596141354794,
            "risk": 0.0021225850921005665,
            "sharpeRatio": 8.06638857734123,
            "capital": 21818.70554645358,
            "weight": 0.21818705546453582,
            "shares": 1480
        },
        "LBIRD.PA": {
            "companyName": "LUMIBIRD",
            "pricePerShare": 14.279999732971191,
            "return": 0.015433062094891798,
            "risk": 0.0008850796188929212,
            "sharpeRatio": 17.344272500696913,
            "capital": 25575.06785398339,
            "weight": 0.2557506785398339,
            "shares": 1790
        },
        "EDI.PA": {
            "companyName": "MEDIA 6",
            "pricePerShare": 10.800000190734863,
            "return": 0.014511969275259566,
            "risk": 0.0030156466927767963,
            "sharpeRatio": 4.785033110749623,
            "capital": 10305.50583448063,
            "weight": 0.1030550583448063,
            "shares": 954
        }
    }
}