{
    "characteristics": {
        "numberOfAssets": 5,
        "return": 0.01611201888158651,
        "risk": 0.00026343473554119517,
        "sharpeRatio": 60.850057790043344,
        "capital": 100000,
        "value": 99986.51205539703
    },
    "stocks": {
        "GBT.PA": {
            "companyName": "GUERBET",
            "pricePerShare": 29.5,
            "return": 0.01835908705161546,
            "risk": 0.0013985322639606262,
            "sharpeRatio": 13.068763247445558,
            "capital": 10666.822744699995,
            "weight": 0.10666822744699996,
            "shares": 361
        },
        "ES.PA": {
            "companyName": "ESSO",
            "pricePerShare": 76.05000305175781,
            "return": 0.017183483980928293,
            "risk": 0.0010869895014703253,
            "sharpeRatio": 15.732887905353115,
            "capital": 31837.46727166124,
            "weight": 0.3183746727166124,
            "shares": 418
        },
        "BLV.PA": {
            "companyName": "BELIEVE",
            "pricePerShare": 15.5600004196167,
            "return": 0.016483291006750955,
            "risk": 0.002032924080236956,
            "sharpeRatio": 8.067832520749734,
            "capital": 22007.62290645174,
            "weight": 0.2200762290645174,
            "shares": 1414
        },
        "EDI.PA": {
            "companyName": "MEDIA 6",
            "pricePerShare": 10.800000190734863,
            "return": 0.014511969275259566,
            "risk": 0.0030156466927767963,
            "sharpeRatio": 4.785033110749623,
            "capital": 10637.285205363663,
            "weight": 0.10637285205363664,
            "shares": 984
        },
        "LBIRD.PA": {
            "companyName": "LUMIBIRD",
            "pricePerShare": 14.0,
            "return": 0.014413251945985498,
            "risk": 0.0008658132506500814,
            "sharpeRatio": 16.552359224376755,
            "capital": 24850.80187182335,
            "weight": 0.2485080187182335,
            "shares": 1775
        }
    }
}