{
    "characteristics": {
        "numberOfAssets": 5,
        "expectedReturn": 0.015051626373238402,
        "risk": 0.0001872174929960002,
        "sharpeRatio": 79.95848108893446,
        "investedCapital": 100000,
        "currency": "Euro"
    },
    "stocks": {
        "BLV.PA": {
            "companyName": "BELIEVE",
            "pricePerShare": 14.779999732971191,
            "return": 0.019198412507445792,
            "risk": 0.0020824918228684883,
            "sharpeRatio": 9.179585868008,
            "investedCapital": 19192.73461812339,
            "weight": 0.19192734618123392,
            "shares": 1298
        },
        "GBT.PA": {
            "companyName": "GUERBET",
            "pricePerShare": 29.0,
            "return": 0.01902826679550038,
            "risk": 0.0012743524398278275,
            "sharpeRatio": 14.867368087010634,
            "investedCapital": 16496.227316096134,
            "weight": 0.16496227316096135,
            "shares": 568
        },
        "ES.PA": {
            "companyName": "ESSO",
            "pricePerShare": 71.5999984741211,
            "return": 0.01731113740707424,
            "risk": 0.0010617320664467276,
            "sharpeRatio": 16.227387258571333,
            "investedCapital": 15519.277154826483,
            "weight": 0.15519277154826483,
            "shares": 216
        },
        "VU.PA": {
            "companyName": "VusionGroup",
            "pricePerShare": 155.0,
            "return": 0.011411311880826624,
            "risk": 0.0008339408338602348,
            "sharpeRatio": 13.58527058614493,
            "investedCapital": 27624.106455113888,
            "weight": 0.2762410645511389,
            "shares": 178
        },
        "NK.PA": {
            "companyName": "IMERYS",
            "pricePerShare": 32.15999984741211,
            "return": 0.011286765546629956,
            "risk": 0.0008857432260830766,
            "sharpeRatio": 12.65012840818387,
            "investedCapital": 21167.65445584009,
            "weight": 0.21167654455840088,
            "shares": 658
        }
    }
}