{
    "Characteristics": {
        "NumberOfAssets": 5,
        "ExpectedReturn": 0.22945851855752117,
        "Risk": 0.41008222496251306
    },
    "Stocks": {
        "GTBP.PA": {
            "CompanyName": "GT Biopharma, Inc.",
            "Weight": 0.10000018307004183,
            "Amount": 10000.018307004182,
            "Shares": 1069
        },
        "MLCOT.PA": {
            "CompanyName": "Gour Medical SA",
            "Weight": 0.31465688318891266,
            "Amount": 31465.688318891265,
            "Shares": 629313
        },
        "FALG.PA": {
            "CompanyName": "Fermentalg SA",
            "Weight": 0.385314541086178,
            "Amount": 38531.4541086178,
            "Shares": 46256
        },
        "MLFTI.PA": {
            "CompanyName": "France Tourisme Immobilier SA",
            "Weight": 0.10001098972999023,
            "Amount": 10001.098972999023,
            "Shares": 333369
        },
        "MLAAT.PA": {
            "CompanyName": "Azorean Aquatic Technologies, S.A.",
            "Weight": 0.10001740292487728,
            "Amount": 10001.740292487728,
            "Shares": 181849
        }
    }
}