{
    "Characteristics": {
        "NumberOfAssets": 5,
        "ExpectedReturn": 0.047108549722035174,
        "Risk": 0.006966817797015701
    },
    "Stocks": {
        "MLCOT.PA": {
            "Weight": 0.10000079883584476,
            "Amount": 10000.079883584476,
            "Shares": 200001
        },
        "FALG.PA": {
            "Weight": 0.24395196409845785,
            "Amount": 24395.196409845783,
            "Shares": 29285
        },
        "MLFTI.PA": {
            "Weight": 0.1000048660325706,
            "Amount": 10000.486603257059,
            "Shares": 333349
        },
        "VANTI.PA": {
            "Weight": 0.10000136643817374,
            "Amount": 10000.136643817374,
            "Shares": 65963
        },
        "GBT.PA": {
            "Weight": 0.45604100459495434,
            "Amount": 45604.100459495436,
            "Shares": 1774
        }
    }
}